conceptType,conceptUri,code,preferredLabel,altLabels,description
ISCOGroup,http://data.europa.eu/esco/isco/C0,0,Angehörige der regulären Streitkräfte,,
ISCOGroup,http://data.europa.eu/esco/isco/C01,01,Offiziere in regulären Streitkräften,,
ISCOGroup,http://data.europa.eu/esco/isco/C011,011,Offiziere in regulären Streitkräften,,
ISCOGroup,http://data.europa.eu/esco/isco/C0110,0110,Offiziere in regulären Streitkräften,,
ISCOGroup,http://data.europa.eu/esco/isco/C02,02,Unteroffiziere in regulären Streitkräften,,
ISCOGroup,http://data.europa.eu/esco/isco/C021,021,Unteroffiziere in regulären Streitkräften,,
ISCOGroup,http://data.europa.eu/esco/isco/C0210,0210,Unteroffiziere in regulären Streitkräften,,
ISCOGroup,http://data.europa.eu/esco/isco/C03,03,Angehörige der regulären Streitkräfte in sonstigen Rängen,,
ISCOGroup,http://data.europa.eu/esco/isco/C031,031,Angehörige der regulären Streitkräfte in sonstigen Rängen,,
ISCOGroup,http://data.europa.eu/esco/isco/C0310,0310,Angehörige der regulären Streitkräfte in sonstigen Rängen.,,
ISCOGroup,http://data.europa.eu/esco/isco/C1,1,Führungskräfte,,
ISCOGroup,http://data.europa.eu/esco/isco/C11,11,"Geschäftsführer, Vorstände, leitende Verwaltungsbedienstete und Angehörige gesetzgebender Körperschaften",,
ISCOGroup,http://data.europa.eu/esco/isco/C111,111,Angehörige gesetzgebender Körperschaften und leitende Verwaltungsbedienstete,,
ISCOGroup,http://data.europa.eu/esco/isco/C1111,1111,Angehörige gesetzgebender Körperschaften,,
ISCOGroup,http://data.europa.eu/esco/isco/C1112,1112,Leitende Verwaltungsbedienstete,,
ISCOGroup,http://data.europa.eu/esco/isco/C1113,1113,Traditionelle Dorf- und Stammeshäuptlinge,,
ISCOGroup,http://data.europa.eu/esco/isco/C1114,1114,Leitende Bedienstete von Interessenorganisationen,,
ISCOGroup,http://data.europa.eu/esco/isco/C112,112,Geschäftsführer und Vorstände,,
ISCOGroup,http://data.europa.eu/esco/isco/C1120,1120,Geschäftsführer und Vorstände,,
ISCOGroup,http://data.europa.eu/esco/isco/C12,12,Führungskräfte im kaufmännischen Bereich,,
ISCOGroup,http://data.europa.eu/esco/isco/C121,121,Führungskräfte in der betrieblichen Verwaltung und in unternehmensbezogenen Dienstleistungen,,
ISCOGroup,http://data.europa.eu/esco/isco/C1211,1211,Führungskräfte im Bereich Finanzen,,
ISCOGroup,http://data.europa.eu/esco/isco/C1212,1212,Führungskräfte im Personalwesen,,
ISCOGroup,http://data.europa.eu/esco/isco/C1213,1213,Führungskräfte in Unternehmenspolitik und -planung,,
ISCOGroup,http://data.europa.eu/esco/isco/C1219,1219,"Führungskräfte in der betrieblichen Verwaltung und in unternehmensbezogenen Dienstleistungen, anderweitig nicht genannt",,
ISCOGroup,http://data.europa.eu/esco/isco/C122,122,"Führungskräfte in Vertrieb, Marketing und Entwicklung",,
ISCOGroup,http://data.europa.eu/esco/isco/C1221,1221,Führungskräfte in Vertrieb und Marketing,,
ISCOGroup,http://data.europa.eu/esco/isco/C1222,1222,Führungskräfte in Werbung und Öffentlichkeitsarbeit,,
ISCOGroup,http://data.europa.eu/esco/isco/C1223,1223,Führungskräfte in Forschung und Entwicklung,,
ISCOGroup,http://data.europa.eu/esco/isco/C13,13,Führungskräfte in der Produktion und bei speziellen Dienstleistungen,,
ISCOGroup,http://data.europa.eu/esco/isco/C131,131,Führungskräfte in der Produktion in Land- und Forstwirtschaft und Fischerei,,
ISCOGroup,http://data.europa.eu/esco/isco/C1311,1311,Führungskräfte in der Produktion in Land- und Forstwirtschaft,,
ISCOGroup,http://data.europa.eu/esco/isco/C1312,1312,Führungskräfte in der Produktion in Aquakultur und Fischerei,,
ISCOGroup,http://data.europa.eu/esco/isco/C132,132,"Führungskräfte in der Produktion bei der Herstellung von Waren, im Bergbau und im Bau sowie in der Logistik",,
ISCOGroup,http://data.europa.eu/esco/isco/C1321,1321,Führungskräfte in der Produktion bei der Herstellung von Waren,,
ISCOGroup,http://data.europa.eu/esco/isco/C1322,1322,Führungskräfte in der Produktion im Bergbau,,
ISCOGroup,http://data.europa.eu/esco/isco/C1323,1323,Führungskräfte in der Produktion im Bau,,
ISCOGroup,http://data.europa.eu/esco/isco/C1324,1324,"Führungskräfte in der Beschaffung, Logistik und in verwandten Bereichen",,
ISCOGroup,http://data.europa.eu/esco/isco/C133,133,Führungskräfte in der Erbringung von Dienstleistungen im Bereich Informations- und Kommunikationstechnologie,,
ISCOGroup,http://data.europa.eu/esco/isco/C1330,1330,Führungskräfte in der Erbringung von Dienstleistungen im Bereich Informations- und Kommunikationstechnologie,,
ISCOGroup,http://data.europa.eu/esco/isco/C134,134,Führungskräfte in der Erbringung von speziellen Dienstleistungen,,
ISCOGroup,http://data.europa.eu/esco/isco/C1341,1341,Führungskräfte in der Erbringung von Dienstleistungen der Kinderbetreuung,,
ISCOGroup,http://data.europa.eu/esco/isco/C1342,1342,Führungskräfte in der Erbringung von Dienstleistungen im Gesundheitswesen,,
ISCOGroup,http://data.europa.eu/esco/isco/C1343,1343,Führungskräfte in der Erbringung von Dienstleistungen der Altenbetreuung,,
ISCOGroup,http://data.europa.eu/esco/isco/C1344,1344,Führungskräfte in der Erbringung von Dienstleistungen der Sozialfürsorge,,
ISCOGroup,http://data.europa.eu/esco/isco/C1345,1345,Führungskräfte in der Erbringung von Dienstleistungen des Bildungswesens,,
ISCOGroup,http://data.europa.eu/esco/isco/C1346,1346,Führungskräfte auf Filialebene in der Erbringung von Finanz- und Versicherungsdienstleistungen,,
ISCOGroup,http://data.europa.eu/esco/isco/C1349,1349,"Führungskräfte in der Erbringung von speziellen Dienstleistungen, anderweitig nicht genannt",,
ISCOGroup,http://data.europa.eu/esco/isco/C14,14,"Führungskräfte in Hotels und Restaurants, im Handel und in der Erbringung sonstiger Dienstleistungen",,
ISCOGroup,http://data.europa.eu/esco/isco/C141,141,Führungskräfte in Hotels und Restaurants,,
ISCOGroup,http://data.europa.eu/esco/isco/C1411,1411,Führungskräfte in Hotels,,
ISCOGroup,http://data.europa.eu/esco/isco/C1412,1412,Führungskräfte in Restaurants,,
ISCOGroup,http://data.europa.eu/esco/isco/C142,142,Führungskräfte in Groß- und Einzelhandel,,
ISCOGroup,http://data.europa.eu/esco/isco/C1420,1420,Führungskräfte in Groß- und Einzelhandel,,
ISCOGroup,http://data.europa.eu/esco/isco/C143,143,Führungskräfte in der Erbringung sonstiger Dienstleistungen,,
ISCOGroup,http://data.europa.eu/esco/isco/C1431,1431,"Führungskräfte in der Erbringung von Dienstleistungen im Bereich Sport, Erholung und Kultur",,
ISCOGroup,http://data.europa.eu/esco/isco/C1439,1439,"Führungskräfte in der Erbringung von Dienstleistungen, anderweitig nicht genannt",,
ISCOGroup,http://data.europa.eu/esco/isco/C2,2,Akademische Berufe,,
ISCOGroup,http://data.europa.eu/esco/isco/C21,21,"Naturwissenschaftler, Mathematiker und Ingenieure",,
ISCOGroup,http://data.europa.eu/esco/isco/C211,211,"Physiker, Chemiker, Geologen und verwandte Berufe",,
ISCOGroup,http://data.europa.eu/esco/isco/C2111,2111,Physiker und Astronomen,,
ISCOGroup,http://data.europa.eu/esco/isco/C2112,2112,Meteorologen,,
ISCOGroup,http://data.europa.eu/esco/isco/C2113,2113,Chemiker,,
ISCOGroup,http://data.europa.eu/esco/isco/C2114,2114,Geologen und Geophysiker,,
ISCOGroup,http://data.europa.eu/esco/isco/C212,212,"Mathematiker, Versicherungsmathematiker und Statistiker",,
ISCOGroup,http://data.europa.eu/esco/isco/C2120,2120,"Mathematiker, Versicherungsmathematiker und Statistiker",,
ISCOGroup,http://data.europa.eu/esco/isco/C213,213,Biowissenschaftler,,
ISCOGroup,http://data.europa.eu/esco/isco/C2131,2131,"Biologen, Botaniker, Zoologen und verwandte Berufe",,
ISCOGroup,http://data.europa.eu/esco/isco/C2132,2132,"Agrar-, Forst- und Fischereiwissenschaftler und -berater",,
ISCOGroup,http://data.europa.eu/esco/isco/C2133,2133,Umweltwissenschaftler,,
ISCOGroup,http://data.europa.eu/esco/isco/C214,214,"Ingenieurwissenschaftler (ohne Elektrotechnik, Elektronik und Telekommunikation)",,
ISCOGroup,http://data.europa.eu/esco/isco/C2141,2141,Wirtschafts- und Produktionsingenieure,,
ISCOGroup,http://data.europa.eu/esco/isco/C2142,2142,Bauingenieure,,
ISCOGroup,http://data.europa.eu/esco/isco/C2143,2143,Umweltschutzingenieure,,
ISCOGroup,http://data.europa.eu/esco/isco/C2144,2144,Maschinenbauingenieure,,
ISCOGroup,http://data.europa.eu/esco/isco/C2145,2145,Chemieingenieure,,
ISCOGroup,http://data.europa.eu/esco/isco/C2146,2146,"Bergbauingenieure, Metallurgen und verwandte Berufe",,
ISCOGroup,http://data.europa.eu/esco/isco/C2149,2149,"Ingenieure, anderweitig nicht genannt",,
ISCOGroup,http://data.europa.eu/esco/isco/C215,215,"Ingenieure in den Bereichen Elektrotechnik, Elektronik und Telekommunikationstechnik",,
ISCOGroup,http://data.europa.eu/esco/isco/C2151,2151,Ingenieure im Bereich Elektrotechnik,,
ISCOGroup,http://data.europa.eu/esco/isco/C2152,2152,Ingenieure im Bereich Elektronik,,
ISCOGroup,http://data.europa.eu/esco/isco/C2153,2153,Ingenieure im Bereich Telekommunikationstechnik,,
ISCOGroup,http://data.europa.eu/esco/isco/C216,216,"Architekten, Raum-, Stadt- und Verkehrsplaner, Vermessungsingenieure und Designer",,
ISCOGroup,http://data.europa.eu/esco/isco/C2161,2161,Architekten,,
ISCOGroup,http://data.europa.eu/esco/isco/C2162,2162,Landschaftsarchitekten,,
ISCOGroup,http://data.europa.eu/esco/isco/C2163,2163,Produkt- und Textildesigner,,
ISCOGroup,http://data.europa.eu/esco/isco/C2164,2164,"Raum-, Stadt- und Verkehrsplaner",,
ISCOGroup,http://data.europa.eu/esco/isco/C2165,2165,Kartografen und Vermessungsingenieure,,
ISCOGroup,http://data.europa.eu/esco/isco/C2166,2166,Grafik- und Multimediadesigner,,
ISCOGroup,http://data.europa.eu/esco/isco/C22,22,Akademische und verwandte Gesundheitsberufe,,
ISCOGroup,http://data.europa.eu/esco/isco/C221,221,Ärzte,,
ISCOGroup,http://data.europa.eu/esco/isco/C2211,2211,Allgemeinärzte,,
ISCOGroup,http://data.europa.eu/esco/isco/C2212,2212,Fachärzte,,
ISCOGroup,http://data.europa.eu/esco/isco/C222,222,Akademische und vergleichbare Krankenpflege- und Geburtshilfefachkräfte,,
ISCOGroup,http://data.europa.eu/esco/isco/C2221,2221,Akademische und vergleichbare Krankenpflegefachkräfte,,
ISCOGroup,http://data.europa.eu/esco/isco/C2222,2222,Akademische und vergleichbare Geburtshilfefachkräfte,,
ISCOGroup,http://data.europa.eu/esco/isco/C223,223,Akademische und vergleichbare Fachkräfte in der traditionellen und komplementären Medizin,,
ISCOGroup,http://data.europa.eu/esco/isco/C2230,2230,Akademische und vergleichbare Fachkräfte in der traditionellen und komplementären Medizin,,
ISCOGroup,http://data.europa.eu/esco/isco/C224,224,Feldscher und vergleichbare paramedizinische Praktiker,,
ISCOGroup,http://data.europa.eu/esco/isco/C2240,2240,Feldscher und vergleichbare paramedizinische Praktiker,,
ISCOGroup,http://data.europa.eu/esco/isco/C225,225,Tierärzte,,
ISCOGroup,http://data.europa.eu/esco/isco/C2250,2250,Tierärzte,,
ISCOGroup,http://data.europa.eu/esco/isco/C226,226,Sonstige akademische und verwandte Gesundheitsberufe,,
ISCOGroup,http://data.europa.eu/esco/isco/C2261,2261,Zahnärzte,,
ISCOGroup,http://data.europa.eu/esco/isco/C2262,2262,Apotheker,,
ISCOGroup,http://data.europa.eu/esco/isco/C2263,2263,Akademische und vergleichbare Fachkräfte in den Bereichen Umwelt- und Arbeitsmedizin sowie Hygiene,,
ISCOGroup,http://data.europa.eu/esco/isco/C2264,2264,Physiotherapeuten,,
ISCOGroup,http://data.europa.eu/esco/isco/C2265,2265,Diätologen und Ernährungsberater,,
ISCOGroup,http://data.europa.eu/esco/isco/C2266,2266,Audiologen und Sprachtherapeuten,,
ISCOGroup,http://data.europa.eu/esco/isco/C2267,2267,Optometristen und Orthoptisten,,
ISCOGroup,http://data.europa.eu/esco/isco/C2269,2269,"Akademische und verwandte Gesundheitsberufe, anderweitig nicht genannt",,
ISCOGroup,http://data.europa.eu/esco/isco/C23,23,Lehrkräfte,,
ISCOGroup,http://data.europa.eu/esco/isco/C231,231,Universitäts- und Hochschullehrer,,
ISCOGroup,http://data.europa.eu/esco/isco/C2310,2310,Universitäts- und Hochschullehrer,,
ISCOGroup,http://data.europa.eu/esco/isco/C232,232,Lehrkräfte im Bereich Berufsbildung,,
ISCOGroup,http://data.europa.eu/esco/isco/C2320,2320,Lehrkräfte im Bereich Berufsbildung,,
ISCOGroup,http://data.europa.eu/esco/isco/C233,233,Lehrkräfte im Sekundarbereich,,
ISCOGroup,http://data.europa.eu/esco/isco/C2330,2330,Lehrkräfte im Sekundarbereich,,
ISCOGroup,http://data.europa.eu/esco/isco/C234,234,Lehrkräfte im Primar- und Vorschulbereich,,
ISCOGroup,http://data.europa.eu/esco/isco/C2341,2341,Lehrkräfte im Primarbereich,,
ISCOGroup,http://data.europa.eu/esco/isco/C2342,2342,Lehrkräfte und Erzieher im Vorschulbereich,,
ISCOGroup,http://data.europa.eu/esco/isco/C235,235,Sonstige Lehrkräfte,,
ISCOGroup,http://data.europa.eu/esco/isco/C2351,2351,Pädagogik- und Didaktikspezialisten,,
ISCOGroup,http://data.europa.eu/esco/isco/C2352,2352,Lehrkräfte im Bereich Sonderpädagogik,,
ISCOGroup,http://data.europa.eu/esco/isco/C2353,2353,Sonstige Sprachlehrer,,
ISCOGroup,http://data.europa.eu/esco/isco/C2354,2354,Sonstige Musiklehrer,,
ISCOGroup,http://data.europa.eu/esco/isco/C2355,2355,Sonstige Kunstlehrer,,
ISCOGroup,http://data.europa.eu/esco/isco/C2356,2356,Ausbilder im Bereich Informationstechnologie,,
ISCOGroup,http://data.europa.eu/esco/isco/C2359,2359,"Lehrkräfte, anderweitig nicht genannt",,
ISCOGroup,http://data.europa.eu/esco/isco/C24,24,Betriebswirte und vergleichbare akademische Berufe,,
ISCOGroup,http://data.europa.eu/esco/isco/C241,241,Akademische und vergleichbare Fachkräfte im Bereich Finanzen,,
ISCOGroup,http://data.europa.eu/esco/isco/C2411,2411,"Wirtschaftsprüfer, Steuerberater und verwandte Berufe",,
ISCOGroup,http://data.europa.eu/esco/isco/C2412,2412,Finanz- und Anlageberater,,
ISCOGroup,http://data.europa.eu/esco/isco/C2413,2413,Finanzanalysten,,
ISCOGroup,http://data.europa.eu/esco/isco/C242,242,Akademische und vergleichbare Fachkräfte in der betrieblichen Verwaltung,,
ISCOGroup,http://data.europa.eu/esco/isco/C2421,2421,Akademische und vergleichbare Fachkräfte im Bereich Management- und Organisationsanalyse,,
ISCOGroup,http://data.europa.eu/esco/isco/C2422,2422,Akademische und vergleichbare Fachkräfte in der strategischen Planung in Politik und Wirtschaft,,
ISCOGroup,http://data.europa.eu/esco/isco/C2423,2423,Berufsberater und -analytiker und akademische und vergleichbare Personalfachleute,,
ISCOGroup,http://data.europa.eu/esco/isco/C2424,2424,Fachkräfte in Personalschulung und -entwicklung,,
ISCOGroup,http://data.europa.eu/esco/isco/C243,243,"Akademische und vergleichbare Fachkräfte in Vertrieb, Marketing und Öffentlichkeitsarbeit",,
ISCOGroup,http://data.europa.eu/esco/isco/C2431,2431,Akademische und vergleichbare Fachkräfte in Werbung und Marketing,,
ISCOGroup,http://data.europa.eu/esco/isco/C2432,2432,Akademische und vergleichbare Fachkräfte in der Öffentlichkeitsarbeit,,
ISCOGroup,http://data.europa.eu/esco/isco/C2433,2433,"Akademische und vergleichbare Fachkräfte im Bereich Vertrieb (Technik und Medizin, ohne Informations- und Kommunikationstechnologie)",,
ISCOGroup,http://data.europa.eu/esco/isco/C2434,2434,Akademische und vergleichbare Fachkräfte im Vertrieb von Informations- und Kommunikationstechnologie,,
ISCOGroup,http://data.europa.eu/esco/isco/C25,25,Akademische und vergleichbare Fachkräfte in der Informations- und Kommunikationstechnologie,,
ISCOGroup,http://data.europa.eu/esco/isco/C251,251,Entwickler und Analytiker von Software und Anwendungen,,
ISCOGroup,http://data.europa.eu/esco/isco/C2511,2511,Systemanalytiker,,
ISCOGroup,http://data.europa.eu/esco/isco/C2512,2512,Softwareentwickler,,
ISCOGroup,http://data.europa.eu/esco/isco/C2513,2513,Web- und Multimediaentwickler,,
ISCOGroup,http://data.europa.eu/esco/isco/C2514,2514,Anwendungsprogrammierer,,
ISCOGroup,http://data.europa.eu/esco/isco/C2519,2519,"Entwickler und Analytiker von Software und Anwendungen, anderweitig nicht genannt",,
ISCOGroup,http://data.europa.eu/esco/isco/C252,252,Akademische und vergleichbare Fachkräfte für Datenbanken und Netzwerke,,
ISCOGroup,http://data.europa.eu/esco/isco/C2521,2521,Datenbankentwickler und -administratoren,,
ISCOGroup,http://data.europa.eu/esco/isco/C2522,2522,Systemadministratoren,,
ISCOGroup,http://data.europa.eu/esco/isco/C2523,2523,Akademische und vergleichbare Fachkräfte für Computernetzwerke,,
ISCOGroup,http://data.europa.eu/esco/isco/C2529,2529,"Akademische und vergleichbare Fachkräfte für Datenbanken und Netzwerke, anderweitig nicht genannt",,
ISCOGroup,http://data.europa.eu/esco/isco/C26,26,"Juristen, Sozialwissenschaftler und Kulturberufe",,
ISCOGroup,http://data.europa.eu/esco/isco/C261,261,Juristen,,
ISCOGroup,http://data.europa.eu/esco/isco/C2611,2611,Anwälte,,
ISCOGroup,http://data.europa.eu/esco/isco/C2612,2612,Richter,,
ISCOGroup,http://data.europa.eu/esco/isco/C2619,2619,"Juristen, anderweitig nicht genannt",,
ISCOGroup,http://data.europa.eu/esco/isco/C262,262,"Archiv-, Bibliotheks- und Museumswissenschaftler",,
ISCOGroup,http://data.europa.eu/esco/isco/C2621,2621,Archiv- und Museumswissenschaftler,,
ISCOGroup,http://data.europa.eu/esco/isco/C2622,2622,Bibliothekswissenschaftler und verwandte Informationswissenschaftler,,
ISCOGroup,http://data.europa.eu/esco/isco/C263,263,"Sozialwissenschaftler, Geistliche und Seelsorger",,
ISCOGroup,http://data.europa.eu/esco/isco/C2631,2631,Volkswirtschaftler,,
ISCOGroup,http://data.europa.eu/esco/isco/C2632,2632,"Soziologen, Anthropologen und verwandte Wissenschaftler",,
ISCOGroup,http://data.europa.eu/esco/isco/C2633,2633,"Philosophen, Historiker und Politologen",,
ISCOGroup,http://data.europa.eu/esco/isco/C2634,2634,Psychologen,,
ISCOGroup,http://data.europa.eu/esco/isco/C2635,2635,Sozialarbeiter,,
ISCOGroup,http://data.europa.eu/esco/isco/C2636,2636,Geistliche Seelsorger,,
ISCOGroup,http://data.europa.eu/esco/isco/C264,264,"Autoren, Journalisten und Linguisten",,
ISCOGroup,http://data.europa.eu/esco/isco/C2641,2641,Autoren und verwandte schriftstellerische Berufe,,
ISCOGroup,http://data.europa.eu/esco/isco/C2642,2642,Journalisten,,
ISCOGroup,http://data.europa.eu/esco/isco/C2643,2643,"Übersetzer, Dolmetscher und andere Linguisten",,
ISCOGroup,http://data.europa.eu/esco/isco/C265,265,Bildende und darstellende Künstler,,
ISCOGroup,http://data.europa.eu/esco/isco/C2651,2651,Bildende Künstler,,
ISCOGroup,http://data.europa.eu/esco/isco/C2652,2652,"Musiker, Sänger und Komponisten",,
ISCOGroup,http://data.europa.eu/esco/isco/C2653,2653,Tänzer und Choreografen,,
ISCOGroup,http://data.europa.eu/esco/isco/C2654,2654,Regisseure und Produzenten im Film- und Bühnenbereich sowie in verwandten Bereichen,,
ISCOGroup,http://data.europa.eu/esco/isco/C2655,2655,Schauspieler,,
ISCOGroup,http://data.europa.eu/esco/isco/C2656,2656,"Sprecher im Rundfunk, Fernsehen und sonstigen Medien",,
ISCOGroup,http://data.europa.eu/esco/isco/C2659,2659,"Bildende und darstellende Künstler, anderweitig nicht genannt",,
ISCOGroup,http://data.europa.eu/esco/isco/C3,3,Techniker und gleichrangige nichttechnische Berufe,,
ISCOGroup,http://data.europa.eu/esco/isco/C31,31,Ingenieurtechnische und vergleichbare Fachkräfte,,
ISCOGroup,http://data.europa.eu/esco/isco/C311,311,Material- und ingenieurtechnische Fachkräfte,,
ISCOGroup,http://data.europa.eu/esco/isco/C3111,3111,Chemo- und Physikotechniker,,
ISCOGroup,http://data.europa.eu/esco/isco/C3112,3112,Bautechniker,,
ISCOGroup,http://data.europa.eu/esco/isco/C3113,3113,Elektrotechniker,,
ISCOGroup,http://data.europa.eu/esco/isco/C3114,3114,Techniker im Bereich Elektronik,,
ISCOGroup,http://data.europa.eu/esco/isco/C3115,3115,Maschinenbautechniker,,
ISCOGroup,http://data.europa.eu/esco/isco/C3116,3116,Chemiebetriebs- und Verfahrenstechniker,,
ISCOGroup,http://data.europa.eu/esco/isco/C3117,3117,Bergbau- und Hüttentechniker,,
ISCOGroup,http://data.europa.eu/esco/isco/C3118,3118,Technische Zeichner,,
ISCOGroup,http://data.europa.eu/esco/isco/C3119,3119,"Material- und ingenieurtechnische Fachkräfte, anderweitig nicht genannt",,
ISCOGroup,http://data.europa.eu/esco/isco/C312,312,"Produktionsleiter im Bergbau, bei der Herstellung von Waren und im Bau",,
ISCOGroup,http://data.europa.eu/esco/isco/C3121,3121,Produktionsleiter im Bergbau,,
ISCOGroup,http://data.europa.eu/esco/isco/C3122,3122,Produktionsleiter bei der Herstellung von Waren,,
ISCOGroup,http://data.europa.eu/esco/isco/C3123,3123,Bauleiter,,
ISCOGroup,http://data.europa.eu/esco/isco/C313,313,Techniker in der Prozesssteuerung,,
ISCOGroup,http://data.europa.eu/esco/isco/C3131,3131,Steuerer von Energieerzeugungsanlagen,,
ISCOGroup,http://data.europa.eu/esco/isco/C3132,3132,Steuerer von Verbrennungs- und Wasserbehandlungsanlagen,,
ISCOGroup,http://data.europa.eu/esco/isco/C3133,3133,Steuerer von chemischen Verfahrensanlagen,,
ISCOGroup,http://data.europa.eu/esco/isco/C3134,3134,Steuerer von Erdöl- und Erdgasraffinationsanlagen,,
ISCOGroup,http://data.europa.eu/esco/isco/C3135,3135,Steuerer von Verfahren in der Metallerzeugung,,
ISCOGroup,http://data.europa.eu/esco/isco/C3139,3139,"Techniker in der Prozesssteuerung, anderweitig nicht genannt",,
ISCOGroup,http://data.europa.eu/esco/isco/C314,314,Biotechniker und verwandte technische Berufe,,
ISCOGroup,http://data.europa.eu/esco/isco/C3141,3141,Biotechniker (ohne medizinische Fachberufe),,
ISCOGroup,http://data.europa.eu/esco/isco/C3142,3142,Agrartechniker,,
ISCOGroup,http://data.europa.eu/esco/isco/C3143,3143,Forsttechniker,,
ISCOGroup,http://data.europa.eu/esco/isco/C315,315,"Schiffsführer, Flugzeugführer und verwandte Berufe",,
ISCOGroup,http://data.europa.eu/esco/isco/C3151,3151,Technische Schiffsoffiziere,,
ISCOGroup,http://data.europa.eu/esco/isco/C3152,3152,"Schiffsführer, nautische Schiffsoffiziere und Schiffslotsen",,
ISCOGroup,http://data.europa.eu/esco/isco/C3153,3153,Flugzeugführer und verwandte Berufe,,
ISCOGroup,http://data.europa.eu/esco/isco/C3154,3154,Flugverkehrslotsen,,
ISCOGroup,http://data.europa.eu/esco/isco/C3155,3155,Flugsicherungstechniker,,
ISCOGroup,http://data.europa.eu/esco/isco/C32,32,Assistenzberufe im Gesundheitswesen,,
ISCOGroup,http://data.europa.eu/esco/isco/C321,321,Medizinische und pharmazeutische Fachberufe,,
ISCOGroup,http://data.europa.eu/esco/isco/C3211,3211,Medizintechniker im Bereich bildgebende Verfahren und Therapiegeräte,,
ISCOGroup,http://data.europa.eu/esco/isco/C3212,3212,Medizintechniker im Bereich Labor und Pathologie,,
ISCOGroup,http://data.europa.eu/esco/isco/C3213,3213,Pharmazeutisch-technische Assistenten,,
ISCOGroup,http://data.europa.eu/esco/isco/C3214,3214,Medizinische und zahnmedizinische Prothetiktechniker,,
ISCOGroup,http://data.europa.eu/esco/isco/C322,322,Nicht akademische Krankenpflege- und Geburtshilfefachkräfte,,
ISCOGroup,http://data.europa.eu/esco/isco/C3221,3221,Nicht akademische Krankenpflegefachkräfte,,
ISCOGroup,http://data.europa.eu/esco/isco/C3222,3222,Nicht akademische Geburtshilfefachkräfte,,
ISCOGroup,http://data.europa.eu/esco/isco/C323,323,Nicht akademische Fachkräfte in traditioneller und komplementärer Medizin,,
ISCOGroup,http://data.europa.eu/esco/isco/C3230,3230,Nicht akademische Fachkräfte in traditioneller und komplementärer Medizin,,
ISCOGroup,http://data.europa.eu/esco/isco/C324,324,Veterinärmedizinische Fachkräfte und Assistenten,,
ISCOGroup,http://data.europa.eu/esco/isco/C3240,3240,Veterinärmedizinische Fachkräfte und Assistenten,,
ISCOGroup,http://data.europa.eu/esco/isco/C325,325,Sonstige Assistenzberufe im Gesundheitswesen,,
ISCOGroup,http://data.europa.eu/esco/isco/C3251,3251,Zahnmedizinische Assistenten und Dentalhygieniker,,
ISCOGroup,http://data.europa.eu/esco/isco/C3252,3252,Fachkräfte im Bereich medizinische Dokumentation und Information,,
ISCOGroup,http://data.europa.eu/esco/isco/C3253,3253,Fachkräfte in der öffentlichen Gesundheitsfürsorge,,
ISCOGroup,http://data.europa.eu/esco/isco/C3254,3254,Augenoptiker,,
ISCOGroup,http://data.europa.eu/esco/isco/C3255,3255,Physiotherapeutische Techniker und Assistenten,,
ISCOGroup,http://data.europa.eu/esco/isco/C3256,3256,Medizinische Assistenten,,
ISCOGroup,http://data.europa.eu/esco/isco/C3257,3257,Nicht akademische Kontrolleure und Beauftragte in den Bereichen Umwelt- und Arbeitsmedizin sowie verwandte Berufe,,
ISCOGroup,http://data.europa.eu/esco/isco/C3258,3258,Rettungsdienstpersonal,,
ISCOGroup,http://data.europa.eu/esco/isco/C3259,3259,"Assistenzberufe im Gesundheitswesen, anderweitig nicht genannt",,
ISCOGroup,http://data.europa.eu/esco/isco/C33,33,Nicht akademische betriebswirtschaftliche und kaufmännische Fachkräfte und Verwaltungsfachkräfte,,
ISCOGroup,http://data.europa.eu/esco/isco/C331,331,Nicht akademische Fachkräfte im Bereich Finanzen und mathematische Verfahren,,
ISCOGroup,http://data.europa.eu/esco/isco/C3311,3311,"Wertpapierhändler, -makler und Finanzmakler",,
ISCOGroup,http://data.europa.eu/esco/isco/C3312,3312,Kreditsachbearbeiter,,
ISCOGroup,http://data.europa.eu/esco/isco/C3313,3313,Nicht akademische Fachkräfte im Rechnungswesen,,
ISCOGroup,http://data.europa.eu/esco/isco/C3314,3314,"Nicht akademische statistische, mathematische und verwandte Fachkräfte",,
ISCOGroup,http://data.europa.eu/esco/isco/C3315,3315,Schätzer und Schadensgutachter,,
ISCOGroup,http://data.europa.eu/esco/isco/C332,332,"Vertriebsagenten, Einkäufer und Handelsmakler",,
ISCOGroup,http://data.europa.eu/esco/isco/C3321,3321,Versicherungsvertreter,,
ISCOGroup,http://data.europa.eu/esco/isco/C3322,3322,Vertriebsagenten,,
ISCOGroup,http://data.europa.eu/esco/isco/C3323,3323,Einkäufer,,
ISCOGroup,http://data.europa.eu/esco/isco/C3324,3324,Handelsmakler,,
ISCOGroup,http://data.europa.eu/esco/isco/C333,333,Fachkräfte für unternehmensbezogene Dienstleistungen,,
ISCOGroup,http://data.europa.eu/esco/isco/C3331,3331,Fachkräfte für Abrechnungs- und Speditionsdienstleistungen,,
ISCOGroup,http://data.europa.eu/esco/isco/C3332,3332,Konferenz- und Veranstaltungsplaner,,
ISCOGroup,http://data.europa.eu/esco/isco/C3333,3333,Arbeits- und Personalvermittler,,
ISCOGroup,http://data.europa.eu/esco/isco/C3334,3334,Immobilienmakler und -verwalter,,
ISCOGroup,http://data.europa.eu/esco/isco/C3339,3339,"Fachkräfte für unternehmensbezogene Dienstleistungen, anderweitig nicht genannt",,
ISCOGroup,http://data.europa.eu/esco/isco/C334,334,Sekretariatsfachkräfte,,
ISCOGroup,http://data.europa.eu/esco/isco/C3341,3341,Sekretariatsleiter,,
ISCOGroup,http://data.europa.eu/esco/isco/C3342,3342,Sekretariatsfachkräfte im juristischen Bereich,,
ISCOGroup,http://data.europa.eu/esco/isco/C3343,3343,Sekretariatsfachkräfte in Verwaltung und Geschäftsleitung,,
ISCOGroup,http://data.europa.eu/esco/isco/C3344,3344,Sekretariatsfachkräfte im Gesundheitswesen,,
ISCOGroup,http://data.europa.eu/esco/isco/C335,335,Fachkräfte in der öffentlichen Verwaltung,,
ISCOGroup,http://data.europa.eu/esco/isco/C3351,3351,Fachkräfte im Zolldienst und Grenzschutz,,
ISCOGroup,http://data.europa.eu/esco/isco/C3352,3352,Fachkräfte in der Steuerverwaltung,,
ISCOGroup,http://data.europa.eu/esco/isco/C3353,3353,Fachkräfte in Sozialverwaltung und -versicherung,,
ISCOGroup,http://data.europa.eu/esco/isco/C3354,3354,"Fachkräfte bei staatlichen Pass-, Lizenz- und Genehmigungsstellen",,
ISCOGroup,http://data.europa.eu/esco/isco/C3355,3355,Polizeikommissare und Kriminalbeamte,,
ISCOGroup,http://data.europa.eu/esco/isco/C3359,3359,"Fachkräfte in der öffentlichen Verwaltung, anderweitig nicht genannt",,
ISCOGroup,http://data.europa.eu/esco/isco/C34,34,"Nicht akademische juristische, sozialpflegerische, kulturelle und verwandte Fachkräfte",,
ISCOGroup,http://data.europa.eu/esco/isco/C341,341,"Nicht akademische juristische, sozialpflegerische und religiöse Berufe",,
ISCOGroup,http://data.europa.eu/esco/isco/C3411,3411,Nicht akademische Fachkräfte für Rechts- und verwandte Angelegenheiten,,
ISCOGroup,http://data.europa.eu/esco/isco/C3412,3412,Nicht akademische sozialpflegerische Fachkräfte,,
ISCOGroup,http://data.europa.eu/esco/isco/C3413,3413,Ordensbrüder/-schwestern und Seelsorgehelfer,,
ISCOGroup,http://data.europa.eu/esco/isco/C342,342,Fachkräfte im Bereich Sport und Fitness,,
ISCOGroup,http://data.europa.eu/esco/isco/C3421,3421,Athleten und Berufssportler,,
ISCOGroup,http://data.europa.eu/esco/isco/C3422,3422,"Sportlehrer, Sporttrainer und Sportfunktionäre",,
ISCOGroup,http://data.europa.eu/esco/isco/C3423,3423,Trainer und Betreuer im Bereich Fitness und Erholung,,
ISCOGroup,http://data.europa.eu/esco/isco/C343,343,Fachkräfte in Gestaltung und Kultur sowie Küchenchefs,,
ISCOGroup,http://data.europa.eu/esco/isco/C3431,3431,Fotografen,,
ISCOGroup,http://data.europa.eu/esco/isco/C3432,3432,Raumgestalter und Dekorateure,,
ISCOGroup,http://data.europa.eu/esco/isco/C3433,3433,"Fachkräfte in Kunstgalerien, Museen und Bibliotheken",,
ISCOGroup,http://data.europa.eu/esco/isco/C3434,3434,Küchenchefs,,
ISCOGroup,http://data.europa.eu/esco/isco/C3435,3435,Sonstige Fachkräfte in Gestaltung und Kultur,,
ISCOGroup,http://data.europa.eu/esco/isco/C35,35,Informations- und Kommunikationstechniker,,
ISCOGroup,http://data.europa.eu/esco/isco/C351,351,Techniker für den Betrieb von Informations- und Kommunikationstechnologie und für die Anwenderbetreuung,,
ISCOGroup,http://data.europa.eu/esco/isco/C3511,3511,Techniker für den Betrieb von Informations- und Kommunikationstechnologie,,
ISCOGroup,http://data.europa.eu/esco/isco/C3512,3512,Techniker für die Anwenderbetreuung in der Informations- und Kommunikationstechnologie,,
ISCOGroup,http://data.europa.eu/esco/isco/C3513,3513,Techniker für Computernetzwerke und -systeme,,
ISCOGroup,http://data.europa.eu/esco/isco/C3514,3514,Webmaster,,
ISCOGroup,http://data.europa.eu/esco/isco/C352,352,Telekommunikations- und Rundfunktechniker,,
ISCOGroup,http://data.europa.eu/esco/isco/C3521,3521,Techniker für Rundfunk und audiovisuelle Medien,,
ISCOGroup,http://data.europa.eu/esco/isco/C3522,3522,Telekommunikationstechniker,,
ISCOGroup,http://data.europa.eu/esco/isco/C4,4,Bürokräfte und verwandte Berufe,,
ISCOGroup,http://data.europa.eu/esco/isco/C41,41,Allgemeine Büro- und Sekretariatskräfte,,
ISCOGroup,http://data.europa.eu/esco/isco/C411,411,Allgemeine Bürokräfte,,
ISCOGroup,http://data.europa.eu/esco/isco/C4110,4110,Allgemeine Bürokräfte,,
ISCOGroup,http://data.europa.eu/esco/isco/C412,412,Sekretariatskräfte (allgemein),,
ISCOGroup,http://data.europa.eu/esco/isco/C4120,4120,Sekretariatskräfte (allgemein),,
ISCOGroup,http://data.europa.eu/esco/isco/C413,413,Schreibkräfte und Datenerfasser,,
ISCOGroup,http://data.europa.eu/esco/isco/C4131,4131,Schreibkräfte und Bediener von Textverarbeitungsanlagen,,
ISCOGroup,http://data.europa.eu/esco/isco/C4132,4132,Datenerfasser,,
ISCOGroup,http://data.europa.eu/esco/isco/C42,42,Bürokräfte mit Kundenkontakt,,
ISCOGroup,http://data.europa.eu/esco/isco/C421,421,"Schalterbedienstete, Inkassobeauftragte und verwandte Berufe",,
ISCOGroup,http://data.europa.eu/esco/isco/C4211,4211,Bank- und andere Schalterbedienstete,,
ISCOGroup,http://data.europa.eu/esco/isco/C4212,4212,"Buchmacher, Croupiers und verwandte Berufe im Bereich Glücks- und Wettspiele",,
ISCOGroup,http://data.europa.eu/esco/isco/C4213,4213,Pfandleiher und Geldverleiher,,
ISCOGroup,http://data.europa.eu/esco/isco/C4214,4214,Inkassobeauftragte und verwandte Berufe,,
ISCOGroup,http://data.europa.eu/esco/isco/C422,422,Berufe im Bereich Kundeninformation,,
ISCOGroup,http://data.europa.eu/esco/isco/C4221,4221,Reiseverkehrsfachkräfte,,
ISCOGroup,http://data.europa.eu/esco/isco/C4222,4222,Kundeninformationsfachkräfte in Call Centers,,
ISCOGroup,http://data.europa.eu/esco/isco/C4223,4223,Telefonisten,,
ISCOGroup,http://data.europa.eu/esco/isco/C4224,4224,Hotelrezeptionisten,,
ISCOGroup,http://data.europa.eu/esco/isco/C4225,4225,Auskunftspersonal,,
ISCOGroup,http://data.europa.eu/esco/isco/C4226,4226,Empfangskräfte (allgemein),,
ISCOGroup,http://data.europa.eu/esco/isco/C4227,4227,Interviewer im Bereich Umfragen und Marktforschung,,
ISCOGroup,http://data.europa.eu/esco/isco/C4229,4229,"Berufe im Bereich Kundeninformation, anderweitig nicht genannt",,
ISCOGroup,http://data.europa.eu/esco/isco/C43,43,"Bürokräfte im Finanz- und Rechnungswesen, in der Statistik und in der Materialwirtschaft",,
ISCOGroup,http://data.europa.eu/esco/isco/C431,431,Bürokräfte im Finanz- und Rechnungswesen und in der Statistik,,
ISCOGroup,http://data.europa.eu/esco/isco/C4311,4311,Bürokräfte im Rechnungswesen und in der Buchhaltung,,
ISCOGroup,http://data.europa.eu/esco/isco/C4312,4312,"Bürokräfte in der Statistik, im Finanz- und Versicherungswesen",,
ISCOGroup,http://data.europa.eu/esco/isco/C4313,4313,Bürokräfte in der Lohnbuchhaltung,,
ISCOGroup,http://data.europa.eu/esco/isco/C432,432,Bürokräfte im Bereich Materialwirtschaft und Transport und verwandte Berufe,,
ISCOGroup,http://data.europa.eu/esco/isco/C4321,4321,Fachkräfte in der Lagerwirtschaft,,
ISCOGroup,http://data.europa.eu/esco/isco/C4322,4322,Bürokräfte in der Material- und Fertigungsplanung und verwandte Berufe,,
ISCOGroup,http://data.europa.eu/esco/isco/C4323,4323,Bürokräfte in der Transportwirtschaft und verwandte Berufe,,
ISCOGroup,http://data.europa.eu/esco/isco/C44,44,Sonstige Bürokräfte und verwandte Berufe,,
ISCOGroup,http://data.europa.eu/esco/isco/C441,441,Sonstige Bürokräfte und verwandte Berufe,,
ISCOGroup,http://data.europa.eu/esco/isco/C4411,4411,Bibliotheksassistenten,,
ISCOGroup,http://data.europa.eu/esco/isco/C4412,4412,Postverteiler und -sortierer,,
ISCOGroup,http://data.europa.eu/esco/isco/C4413,4413,"Kodierer, Korrekturleser und verwandte Bürokräfte",,
ISCOGroup,http://data.europa.eu/esco/isco/C4414,4414,Schreiber und verwandte Arbeitskräfte,,
ISCOGroup,http://data.europa.eu/esco/isco/C4415,4415,Bürokräfte für Registratur und Dokumentation,,
ISCOGroup,http://data.europa.eu/esco/isco/C4416,4416,Bürokräfte im Personalwesen,,
ISCOGroup,http://data.europa.eu/esco/isco/C4419,4419,"Bürokräfte und verwandte Berufe, anderweitig nicht genannt",,
ISCOGroup,http://data.europa.eu/esco/isco/C5,5,Dienstleistungsberufe und Verkäufer,,
ISCOGroup,http://data.europa.eu/esco/isco/C51,51,Berufe im Bereich personenbezogener Dienstleistungen,,
ISCOGroup,http://data.europa.eu/esco/isco/C511,511,"Reisebegleiter, Schaffner und Reiseleiter",,
ISCOGroup,http://data.europa.eu/esco/isco/C5111,5111,Reisebegleiter und Stewards,,
ISCOGroup,http://data.europa.eu/esco/isco/C5112,5112,Schaffner,,
ISCOGroup,http://data.europa.eu/esco/isco/C5113,5113,Reiseleiter/Fremdenführer,,
ISCOGroup,http://data.europa.eu/esco/isco/C512,512,Köche,,
ISCOGroup,http://data.europa.eu/esco/isco/C5120,5120,Köche,,
ISCOGroup,http://data.europa.eu/esco/isco/C513,513,Kellner und Barkeeper,,
ISCOGroup,http://data.europa.eu/esco/isco/C5131,5131,Kellner,,
ISCOGroup,http://data.europa.eu/esco/isco/C5132,5132,Barkeeper,,
ISCOGroup,http://data.europa.eu/esco/isco/C514,514,"Friseure, Kosmetiker und verwandte Berufe",,
ISCOGroup,http://data.europa.eu/esco/isco/C5141,5141,Friseure,,
ISCOGroup,http://data.europa.eu/esco/isco/C5142,5142,Kosmetiker und verwandte Berufe,,
ISCOGroup,http://data.europa.eu/esco/isco/C515,515,Hauswarte und Hauswirtschaftsleiter,,
ISCOGroup,http://data.europa.eu/esco/isco/C5151,5151,"Reinigungs- und Hauswirtschaftsleiter in Büros, Hotels und anderen Einrichtungen",,
ISCOGroup,http://data.europa.eu/esco/isco/C5152,5152,Hauswirtschafter in Privathaushalten,,
ISCOGroup,http://data.europa.eu/esco/isco/C5153,5153,Hauswarte,,
ISCOGroup,http://data.europa.eu/esco/isco/C516,516,Sonstige Berufe im Bereich personenbezogener Dienstleistungen,,
ISCOGroup,http://data.europa.eu/esco/isco/C5161,5161,"Astrologen, Wahrsager und verwandte Berufe",,
ISCOGroup,http://data.europa.eu/esco/isco/C5162,5162,Gesellschafter und Zofen/Kammerdiener,,
ISCOGroup,http://data.europa.eu/esco/isco/C5163,5163,Bestatter und Einbalsamierer,,
ISCOGroup,http://data.europa.eu/esco/isco/C5164,5164,Tierpfleger und -betreuer,,
ISCOGroup,http://data.europa.eu/esco/isco/C5165,5165,Fahrschullehrer,,
ISCOGroup,http://data.europa.eu/esco/isco/C5169,5169,"Berufe im Bereich personenbezogener Dienstleistungen, anderweitig nicht genannt",,
ISCOGroup,http://data.europa.eu/esco/isco/C52,52,Verkaufskräfte,,
ISCOGroup,http://data.europa.eu/esco/isco/C521,521,Straßen- und Marktverkäufer,,
ISCOGroup,http://data.europa.eu/esco/isco/C5211,5211,Verkaufsstand- und Marktverkäufer,,
ISCOGroup,http://data.europa.eu/esco/isco/C5212,5212,Straßenverkäufer von Lebensmitteln,,
ISCOGroup,http://data.europa.eu/esco/isco/C522,522,Verkaufskräfte in Handelsgeschäften,,
ISCOGroup,http://data.europa.eu/esco/isco/C5221,5221,Leiter eines Einzelhandelsgeschäftes,,
ISCOGroup,http://data.europa.eu/esco/isco/C5222,5222,Verkaufsaufsichtskräfte in Handelsgeschäften,,
ISCOGroup,http://data.europa.eu/esco/isco/C5223,5223,Verkäufer und Verkaufshilfskräfte in Handelsgeschäften,,
ISCOGroup,http://data.europa.eu/esco/isco/C523,523,Kassierer und Kartenverkäufer,,
ISCOGroup,http://data.europa.eu/esco/isco/C5230,5230,Kassierer und Kartenverkäufer,,
ISCOGroup,http://data.europa.eu/esco/isco/C524,524,Sonstige Verkaufskräfte,,
ISCOGroup,http://data.europa.eu/esco/isco/C5241,5241,Mannequins/Dressmen und sonstige Modelle,,
ISCOGroup,http://data.europa.eu/esco/isco/C5242,5242,Produktvorführer,,
ISCOGroup,http://data.europa.eu/esco/isco/C5243,5243,Haustürverkäufer,,
ISCOGroup,http://data.europa.eu/esco/isco/C5244,5244,Telefonverkäufer,,
ISCOGroup,http://data.europa.eu/esco/isco/C5245,5245,Tankwarte,,
ISCOGroup,http://data.europa.eu/esco/isco/C5246,5246,Imbissverkäufer,,
ISCOGroup,http://data.europa.eu/esco/isco/C5249,5249,"Verkaufskräfte, anderweitig nicht genannt",,
ISCOGroup,http://data.europa.eu/esco/isco/C53,53,Betreuungsberufe,,
ISCOGroup,http://data.europa.eu/esco/isco/C531,531,Kinder- und Lernbetreuer,,
ISCOGroup,http://data.europa.eu/esco/isco/C5311,5311,Kinderbetreuer,,
ISCOGroup,http://data.europa.eu/esco/isco/C5312,5312,Lernbetreuer,,
ISCOGroup,http://data.europa.eu/esco/isco/C532,532,Betreuungsberufe im Gesundheitswesen,,
ISCOGroup,http://data.europa.eu/esco/isco/C5321,5321,Pflegehelfer,,
ISCOGroup,http://data.europa.eu/esco/isco/C5322,5322,Haus- und Familienpfleger,,
ISCOGroup,http://data.europa.eu/esco/isco/C5329,5329,"Betreuungsberufe im Gesundheitswesen, anderweitig nicht genannt",,
ISCOGroup,http://data.europa.eu/esco/isco/C54,54,Schutzkräfte und Sicherheitsbedienstete,,
ISCOGroup,http://data.europa.eu/esco/isco/C541,541,Schutzkräfte und Sicherheitsbedienstete,,
ISCOGroup,http://data.europa.eu/esco/isco/C5411,5411,Feuerwehrleute,,
ISCOGroup,http://data.europa.eu/esco/isco/C5412,5412,Polizisten (ohne Polizeikommissare),,
ISCOGroup,http://data.europa.eu/esco/isco/C5413,5413,Gefängnisaufseher,,
ISCOGroup,http://data.europa.eu/esco/isco/C5414,5414,Sicherheitswachpersonal,,
ISCOGroup,http://data.europa.eu/esco/isco/C5419,5419,"Schutzkräfte und Sicherheitsbedienstete, anderweitig nicht genannt",,
ISCOGroup,http://data.europa.eu/esco/isco/C6,6,Fachkräfte in Land- und Forstwirtschaft und Fischerei,,
ISCOGroup,http://data.europa.eu/esco/isco/C61,61,Fachkräfte in der Landwirtschaft,,
ISCOGroup,http://data.europa.eu/esco/isco/C611,611,Gärtner und Ackerbauern,,
ISCOGroup,http://data.europa.eu/esco/isco/C6111,6111,Ackerbauern und Gemüseanbauer,,
ISCOGroup,http://data.europa.eu/esco/isco/C6112,6112,Baum- und Strauchfrüchteanbauer,,
ISCOGroup,http://data.europa.eu/esco/isco/C6113,6113,"Gärtner, Saat- und Pflanzenzüchter",,
ISCOGroup,http://data.europa.eu/esco/isco/C6114,6114,Fachkräfte in der Mischkulturlandwirtschaft,,
ISCOGroup,http://data.europa.eu/esco/isco/C612,612,Tierhalter,,
ISCOGroup,http://data.europa.eu/esco/isco/C6121,6121,Nutztierhalter (ohne Geflügel) und Milchproduzenten,,
ISCOGroup,http://data.europa.eu/esco/isco/C6122,6122,Geflügelhalter,,
ISCOGroup,http://data.europa.eu/esco/isco/C6123,6123,Imker und Seidenraupenzüchter,,
ISCOGroup,http://data.europa.eu/esco/isco/C6129,6129,"Tierhalter, anderweitig nicht genannt",,
ISCOGroup,http://data.europa.eu/esco/isco/C613,613,Landwirte mit Ackerbau und Tierhaltung (ohne ausgeprägten Schwerpunkt),,
ISCOGroup,http://data.europa.eu/esco/isco/C6130,6130,Landwirte mit Ackerbau und Tierhaltung (ohne ausgeprägten Schwerpunkt),,
ISCOGroup,http://data.europa.eu/esco/isco/C62,62,"Fachkräfte in Forstwirtschaft, Fischerei und Jagd — Marktproduktion",,
ISCOGroup,http://data.europa.eu/esco/isco/C621,621,Forstarbeitskräfte und verwandte Berufe,,
ISCOGroup,http://data.europa.eu/esco/isco/C6210,6210,Forstarbeitskräfte und verwandte Berufe,,
ISCOGroup,http://data.europa.eu/esco/isco/C622,622,"Fischer, Jäger und Fallensteller",,
ISCOGroup,http://data.europa.eu/esco/isco/C6221,6221,Fachkräfte im Bereich Aquakultur,,
ISCOGroup,http://data.europa.eu/esco/isco/C6222,6222,Binnen- und Küstenfischer,,
ISCOGroup,http://data.europa.eu/esco/isco/C6223,6223,Hochseefischer,,
ISCOGroup,http://data.europa.eu/esco/isco/C6224,6224,Jäger und Fallensteller,,
ISCOGroup,http://data.europa.eu/esco/isco/C63,63,"Landwirte, Fischer, Jäger und Sammler für den Eigenbedarf",,
ISCOGroup,http://data.europa.eu/esco/isco/C631,631,Ackerbauern für den Eigenbedarf,,
ISCOGroup,http://data.europa.eu/esco/isco/C6310,6310,Ackerbauern für den Eigenbedarf,,
ISCOGroup,http://data.europa.eu/esco/isco/C632,632,Nutztierhalter für den Eigenbedarf,,
ISCOGroup,http://data.europa.eu/esco/isco/C6320,6320,Nutztierhalter für den Eigenbedarf,,
ISCOGroup,http://data.europa.eu/esco/isco/C633,633,Ackerbauern und Nutztierhalter (ohne ausgeprägten Schwerpunkt) für den Eigenbedarf,,
ISCOGroup,http://data.europa.eu/esco/isco/C6330,6330,Ackerbauern und Nutztierhalter (ohne ausgeprägten Schwerpunkt) für den Eigenbedarf,,
ISCOGroup,http://data.europa.eu/esco/isco/C634,634,"Fischer, Jäger, Fallensteller und Sammler für den Eigenbedarf",,
ISCOGroup,http://data.europa.eu/esco/isco/C6340,6340,"Fischer, Jäger, Fallensteller und Sammler für den Eigenbedarf",,
ISCOGroup,http://data.europa.eu/esco/isco/C7,7,Handwerks- und verwandte Berufe,,
ISCOGroup,http://data.europa.eu/esco/isco/C71,71,"Bau- und Ausbaufachkräfte sowie verwandte Berufe, ausgenommen Elektriker",,
ISCOGroup,http://data.europa.eu/esco/isco/C711,711,Baukonstruktions- und verwandte Berufe,,
ISCOGroup,http://data.europa.eu/esco/isco/C7111,7111,Rohbaufacharbeiter im Hochbau,,
ISCOGroup,http://data.europa.eu/esco/isco/C7112,7112,Maurer und verwandte Berufe,,
ISCOGroup,http://data.europa.eu/esco/isco/C7113,7113,"Steinmetze, Steinspalter, -bearbeiter und Steinbildhauer",,
ISCOGroup,http://data.europa.eu/esco/isco/C7114,7114,"Betonierer, Betonoberflächenfertiger und verwandte Berufe",,
ISCOGroup,http://data.europa.eu/esco/isco/C7115,7115,Zimmerleute und Bautischler,,
ISCOGroup,http://data.europa.eu/esco/isco/C7119,7119,"Baukonstruktions- und verwandte Berufe, anderweitig nicht genannt",,
ISCOGroup,http://data.europa.eu/esco/isco/C712,712,Ausbaufachkräfte und verwandte Berufe,,
ISCOGroup,http://data.europa.eu/esco/isco/C7121,7121,Dachdecker,,
ISCOGroup,http://data.europa.eu/esco/isco/C7122,7122,Boden- und Fliesenleger,,
ISCOGroup,http://data.europa.eu/esco/isco/C7123,7123,Stuckateure,,
ISCOGroup,http://data.europa.eu/esco/isco/C7124,7124,Isolierer,,
ISCOGroup,http://data.europa.eu/esco/isco/C7125,7125,Glaser,,
ISCOGroup,http://data.europa.eu/esco/isco/C7126,7126,Bauspengler und Sanitär- und Heizungsinstallateure,,
ISCOGroup,http://data.europa.eu/esco/isco/C7127,7127,Klima- und Kälteanlagenbauer,,
ISCOGroup,http://data.europa.eu/esco/isco/C713,713,"Maler, Gebäudereiniger und verwandte Berufe",,
ISCOGroup,http://data.europa.eu/esco/isco/C7131,7131,Maler und verwandte Berufe,,
ISCOGroup,http://data.europa.eu/esco/isco/C7132,7132,Lackierer und verwandte Berufe,,
ISCOGroup,http://data.europa.eu/esco/isco/C7133,7133,Fassadenreiniger und Schornsteinfeger/Rauchfangkehrer,,
ISCOGroup,http://data.europa.eu/esco/isco/C72,72,"Metallarbeiter, Mechaniker und verwandte Berufe",,
ISCOGroup,http://data.europa.eu/esco/isco/C721,721,"Blechkaltverformer, Baumetallverformer, Former (für Metallguss), Schweißer und verwandte Berufe",,
ISCOGroup,http://data.europa.eu/esco/isco/C7211,7211,Former und Kernmacher (für Metallguss),,
ISCOGroup,http://data.europa.eu/esco/isco/C7212,7212,Schweißer und Brennschneider,,
ISCOGroup,http://data.europa.eu/esco/isco/C7213,7213,Blechkaltverformer,,
ISCOGroup,http://data.europa.eu/esco/isco/C7214,7214,Baumetallverformer und Metallbauer,,
ISCOGroup,http://data.europa.eu/esco/isco/C7215,7215,Verspannungsmonteure und Seilspleißer,,
ISCOGroup,http://data.europa.eu/esco/isco/C722,722,"Grobschmiede, Werkzeugmechaniker und verwandte Berufe",,
ISCOGroup,http://data.europa.eu/esco/isco/C7221,7221,"Grobschmiede, Hammerschmiede und Schmiedepresser",,
ISCOGroup,http://data.europa.eu/esco/isco/C7222,7222,Werkzeugmechaniker und verwandte Berufe,,
ISCOGroup,http://data.europa.eu/esco/isco/C7223,7223,Werkzeugmaschineneinrichter und -bediener,,
ISCOGroup,http://data.europa.eu/esco/isco/C7224,7224,"Metallpolierer, Rundschleifer und Werkzeugschärfer",,
ISCOGroup,http://data.europa.eu/esco/isco/C723,723,Maschinenmechaniker und -schlosser,,
ISCOGroup,http://data.europa.eu/esco/isco/C7231,7231,Kraftfahrzeugmechaniker und -schlosser,,
ISCOGroup,http://data.europa.eu/esco/isco/C7232,7232,Flugmotorenmechaniker und -schlosser,,
ISCOGroup,http://data.europa.eu/esco/isco/C7233,7233,Landmaschinen- und Industriemaschinenmechaniker und -schlosser,,
ISCOGroup,http://data.europa.eu/esco/isco/C7234,7234,Fahrradmechaniker und verwandte Berufe,,
ISCOGroup,http://data.europa.eu/esco/isco/C73,73,"Präzisionshandwerker, Drucker und kunsthandwerkliche Berufe",,
ISCOGroup,http://data.europa.eu/esco/isco/C731,731,Präzisionshandwerker und kunsthandwerkliche Berufe,,
ISCOGroup,http://data.europa.eu/esco/isco/C7311,7311,Präzisionsinstrumentenmacher und -instandsetzer,,
ISCOGroup,http://data.europa.eu/esco/isco/C7312,7312,Musikinstrumentenbauer und -stimmer,,
ISCOGroup,http://data.europa.eu/esco/isco/C7313,7313,Schmuckwarenhersteller und Edelmetallbearbeiter,,
ISCOGroup,http://data.europa.eu/esco/isco/C7314,7314,Keramiker und verwandte Berufe,,
ISCOGroup,http://data.europa.eu/esco/isco/C7315,7315,"Glasmacher, -schneider, -schleifer und -veredler",,
ISCOGroup,http://data.europa.eu/esco/isco/C7316,7316,"Schildermaler, Dekormaler, Graveure und Ätzer",,
ISCOGroup,http://data.europa.eu/esco/isco/C7317,7317,"Kunsthandwerkliche Berufe für Holz, Korbwaren und verwandte Materialien",,
ISCOGroup,http://data.europa.eu/esco/isco/C7318,7318,"Kunsthandwerkliche Berufe für Textilien, Leder und verwandte Materialien",,
ISCOGroup,http://data.europa.eu/esco/isco/C7319,7319,"Kunsthandwerkliche Berufe, anderweitig nicht genannt",,
ISCOGroup,http://data.europa.eu/esco/isco/C732,732,Druckhandwerker,,
ISCOGroup,http://data.europa.eu/esco/isco/C7321,7321,Techniker in der Druckvorstufe,,
ISCOGroup,http://data.europa.eu/esco/isco/C7322,7322,Drucker,,
ISCOGroup,http://data.europa.eu/esco/isco/C7323,7323,Berufe in der Druckweiterverarbeitung und Buchbinder,,
ISCOGroup,http://data.europa.eu/esco/isco/C74,74,Elektriker- und Elektroniker,,
ISCOGroup,http://data.europa.eu/esco/isco/C741,741,Elektroinstallateure und -mechaniker,,
ISCOGroup,http://data.europa.eu/esco/isco/C7411,7411,Bauelektriker und verwandte Berufe,,
ISCOGroup,http://data.europa.eu/esco/isco/C7412,7412,Elektromechaniker und verwandte Berufe,,
ISCOGroup,http://data.europa.eu/esco/isco/C7413,7413,Elektroleitungsinstallateure und Wartungspersonal,,
ISCOGroup,http://data.europa.eu/esco/isco/C742,742,Installateure und Mechaniker für Elektronik und Telekommunikationstechnik,,
ISCOGroup,http://data.europa.eu/esco/isco/C7421,7421,Elektroniker und Elektronik-Servicetechniker,,
ISCOGroup,http://data.europa.eu/esco/isco/C7422,7422,Installateure und Servicetechniker im Bereich Informations- und Kommunikationstechnik,,
ISCOGroup,http://data.europa.eu/esco/isco/C75,75,"Berufe in der Nahrungsmittelverarbeitung, Holzverarbeitung und Bekleidungsherstellung und verwandte handwerkliche Fachkräfte",,
ISCOGroup,http://data.europa.eu/esco/isco/C751,751,Berufe in der Nahrungsmittelverarbeitung und verwandte handwerkliche Fachkräfte,,
ISCOGroup,http://data.europa.eu/esco/isco/C7511,7511,"Fleischer, Fischhändler und -verarbeiter und verwandte Berufe",,
ISCOGroup,http://data.europa.eu/esco/isco/C7512,7512,"Bäcker, Konditoren und Konfektmacher",,
ISCOGroup,http://data.europa.eu/esco/isco/C7513,7513,Molkerei- und Käsereifachkräfte,,
ISCOGroup,http://data.europa.eu/esco/isco/C7514,7514,Obst- und Gemüsekonservierer und verwandte Berufe,,
ISCOGroup,http://data.europa.eu/esco/isco/C7515,7515,Nahrungsmittel- und Getränkekoster und -klassierer,,
ISCOGroup,http://data.europa.eu/esco/isco/C7516,7516,Tabakaufbereiter und Tabakwarenmacher,,
ISCOGroup,http://data.europa.eu/esco/isco/C752,752,"Holzbearbeiter, Möbeltischler und verwandte Berufe",,
ISCOGroup,http://data.europa.eu/esco/isco/C7521,7521,Holztrockner und -konservierer,,
ISCOGroup,http://data.europa.eu/esco/isco/C7522,7522,Möbeltischler und verwandte Berufe,,
ISCOGroup,http://data.europa.eu/esco/isco/C7523,7523,Einrichter und Bediener von Holzbearbeitungsmaschinen,,
ISCOGroup,http://data.europa.eu/esco/isco/C753,753,Berufe der Bekleidungsherstellung und verwandte Berufe,,
ISCOGroup,http://data.europa.eu/esco/isco/C7531,7531,"Herren- und Damenschneider, Kürschner und Hutmacher",,
ISCOGroup,http://data.europa.eu/esco/isco/C7532,7532,Schnittmustermacher und Zuschneider,,
ISCOGroup,http://data.europa.eu/esco/isco/C7533,7533,"Näher, Sticker und verwandte Berufe",,
ISCOGroup,http://data.europa.eu/esco/isco/C7534,7534,Polsterer und verwandte Berufe,,
ISCOGroup,http://data.europa.eu/esco/isco/C7535,7535,"Pelzveredler, Gerber und Fellzurichter",,
ISCOGroup,http://data.europa.eu/esco/isco/C7536,7536,Schuhmacher und verwandte Berufe,,
ISCOGroup,http://data.europa.eu/esco/isco/C754,754,Sonstige Handwerks- und verwandte Berufe,,
ISCOGroup,http://data.europa.eu/esco/isco/C7541,7541,Taucher,,
ISCOGroup,http://data.europa.eu/esco/isco/C7542,7542,Sprengmeister und Sprengbeauftragte,,
ISCOGroup,http://data.europa.eu/esco/isco/C7543,7543,Produkttester und -klassierer (ohne Nahrungsmittel und Getränke),,
ISCOGroup,http://data.europa.eu/esco/isco/C7544,7544,Kammerjäger und andere Schädlingsbekämpfungsberufe,,
ISCOGroup,http://data.europa.eu/esco/isco/C7549,7549,"Handwerks- und verwandte Berufe, anderweitig nicht genannt",,
ISCOGroup,http://data.europa.eu/esco/isco/C8,8,Bediener von Anlagen und Maschinen und Montageberufe,,
ISCOGroup,http://data.europa.eu/esco/isco/C81,81,Bediener stationärer Anlagen und Maschinen,,
ISCOGroup,http://data.europa.eu/esco/isco/C811,811,Bediener von Anlagen für den Bergbau und die Mineralaufbereitung,,
ISCOGroup,http://data.europa.eu/esco/isco/C8111,8111,Bergleute und Grubenarbeiter,,
ISCOGroup,http://data.europa.eu/esco/isco/C8112,8112,Bediener von Mineral- und Gesteinsaufbereitungsanlagen,,
ISCOGroup,http://data.europa.eu/esco/isco/C8113,8113,Tiefbohrer und verwandte Berufe,,
ISCOGroup,http://data.europa.eu/esco/isco/C8114,8114,"Bediener von Maschinen zur Herstellung und Verarbeitung von Zement, Steinen und sonstigen Mineralien",,
ISCOGroup,http://data.europa.eu/esco/isco/C812,812,"Bediener von Anlagen in der Metallerzeugung, -umformung und -veredlung",,
ISCOGroup,http://data.europa.eu/esco/isco/C8121,8121,Bediener von Anlagen in der Metallerzeugung und -umformung,,
ISCOGroup,http://data.europa.eu/esco/isco/C8122,8122,"Bediener von Anlagen zur Metallveredlung, Plattierung und Beschichtung von Metallen",,
ISCOGroup,http://data.europa.eu/esco/isco/C813,813,Bediener von Anlagen und Maschinen für chemische und fotografische Erzeugnisse,,
ISCOGroup,http://data.europa.eu/esco/isco/C8131,8131,Bediener von Anlagen und Maschinen für chemische Erzeugnisse,,
ISCOGroup,http://data.europa.eu/esco/isco/C8132,8132,Bediener von Anlagen für fotografische Erzeugnisse,,
ISCOGroup,http://data.europa.eu/esco/isco/C814,814,"Bediener von Maschinen zur Herstellung von Gummi-, Kunststoff- und Papierwaren",,
ISCOGroup,http://data.europa.eu/esco/isco/C8141,8141,Bediener von Maschinen zur Herstellung von Gummiwaren,,
ISCOGroup,http://data.europa.eu/esco/isco/C8142,8142,Bediener von Maschinen zur Herstellung von Kunststoffwaren,,
ISCOGroup,http://data.europa.eu/esco/isco/C8143,8143,Bediener von Maschinen zur Herstellung von Papierwaren,,
ISCOGroup,http://data.europa.eu/esco/isco/C815,815,"Bediener von Maschinen zur Herstellung von Textil-, Pelz- und Lederwaren",,
ISCOGroup,http://data.europa.eu/esco/isco/C8151,8151,"Bediener von Spinnstoffaufbereitungs-, Spinn- und Spulmaschinen",,
ISCOGroup,http://data.europa.eu/esco/isco/C8152,8152,"Bediener von Web-, Strick- und Wirkmaschinen",,
ISCOGroup,http://data.europa.eu/esco/isco/C8153,8153,Bediener von Nähmaschinen,,
ISCOGroup,http://data.europa.eu/esco/isco/C8154,8154,Bediener von Bleich- und Färbemaschinen,,
ISCOGroup,http://data.europa.eu/esco/isco/C8155,8155,Bediener von Pelz- und Lederzurichtungs- und -vorbereitungsmaschinen,,
ISCOGroup,http://data.europa.eu/esco/isco/C8156,8156,Bediener von Maschinen zur Schuhherstellung und verwandte Berufe,,
ISCOGroup,http://data.europa.eu/esco/isco/C8157,8157,Bediener von Wäschereimaschinen,,
ISCOGroup,http://data.europa.eu/esco/isco/C8159,8159,"Bediener von Maschinen zur Herstellung von Textil-, Pelz- und Lederwaren, anderweitig nicht genannt",,
ISCOGroup,http://data.europa.eu/esco/isco/C816,816,Bediener von Maschinen zur Herstellung von Nahrungs- und Genussmitteln,,
ISCOGroup,http://data.europa.eu/esco/isco/C8160,8160,Bediener von Maschinen zur Herstellung von Nahrungs- und Genussmitteln,,
ISCOGroup,http://data.europa.eu/esco/isco/C817,817,Bediener von Anlagen zur Holzaufbereitung und Papierherstellung,,
ISCOGroup,http://data.europa.eu/esco/isco/C8171,8171,Bediener von Anlagen zur Zellstoff- und Papierherstellung,,
ISCOGroup,http://data.europa.eu/esco/isco/C8172,8172,Bediener von Anlagen zur Holzaufbereitung,,
ISCOGroup,http://data.europa.eu/esco/isco/C818,818,Bediener sonstiger stationärer Anlagen und Maschinen,,
ISCOGroup,http://data.europa.eu/esco/isco/C8181,8181,Bediener von Anlagen zur Glas- und Keramikherstellung,,
ISCOGroup,http://data.europa.eu/esco/isco/C8182,8182,Bediener von Dampfmaschinen und -kesseln,,
ISCOGroup,http://data.europa.eu/esco/isco/C8183,8183,"Bediener von Verpackungs-, Abfüll- und Etikettiermaschinen",,
ISCOGroup,http://data.europa.eu/esco/isco/C8189,8189,"Bediener stationärer Anlagen und Maschinen, anderweitig nicht genannt",,
ISCOGroup,http://data.europa.eu/esco/isco/C82,82,Montageberufe,,
ISCOGroup,http://data.europa.eu/esco/isco/C821,821,Montageberufe,,
ISCOGroup,http://data.europa.eu/esco/isco/C8211,8211,Berufe der Montage von mechanischen Bauteilen,,
ISCOGroup,http://data.europa.eu/esco/isco/C8212,8212,Berufe der Montage von elektrischen und elektronischen Geräten,,
ISCOGroup,http://data.europa.eu/esco/isco/C8219,8219,"Montageberufe, anderweitig nicht genannt",,
ISCOGroup,http://data.europa.eu/esco/isco/C83,83,Fahrzeugführer und Bediener mobiler Anlagen,,
ISCOGroup,http://data.europa.eu/esco/isco/C831,831,Lokomotivführer und verwandte Berufe,,
ISCOGroup,http://data.europa.eu/esco/isco/C8311,8311,Lokomotivführer,,
ISCOGroup,http://data.europa.eu/esco/isco/C8312,8312,"Bediener von Sicherungs-, Signal- und Leittechnik im Schienennetzbetrieb",,
ISCOGroup,http://data.europa.eu/esco/isco/C832,832,Kraftfahrzeugführer,,
ISCOGroup,http://data.europa.eu/esco/isco/C8321,8321,Kraftradfahrer,,
ISCOGroup,http://data.europa.eu/esco/isco/C8322,8322,"Personenkraftwagen-, Taxi-, Kleintransporter- und Kleinbusfahrer",,
ISCOGroup,http://data.europa.eu/esco/isco/C833,833,Fahrer schwerer Lastkraftwagen und Busse,,
ISCOGroup,http://data.europa.eu/esco/isco/C8331,8331,Busfahrer und Straßenbahnführer,,
ISCOGroup,http://data.europa.eu/esco/isco/C8332,8332,Fahrer schwerer Lastkraftwagen,,
ISCOGroup,http://data.europa.eu/esco/isco/C834,834,Bediener mobiler Anlagen,,
ISCOGroup,http://data.europa.eu/esco/isco/C8341,8341,Führer von mobilen land- und forstwirtschaftlichen Maschinen,,
ISCOGroup,http://data.europa.eu/esco/isco/C8342,8342,Führer von Erdbewegungs- und verwandten Maschinen,,
ISCOGroup,http://data.europa.eu/esco/isco/C8343,8343,"Kranführer, Aufzugmaschinisten und Bediener verwandter Hebeeinrichtungen",,
ISCOGroup,http://data.europa.eu/esco/isco/C8344,8344,Gabelstaplerfahrer und verwandte Berufe,,
ISCOGroup,http://data.europa.eu/esco/isco/C835,835,Deckspersonal auf Schiffen und verwandte Berufe,,
ISCOGroup,http://data.europa.eu/esco/isco/C8350,8350,Deckspersonal auf Schiffen und verwandte Berufe,,
ISCOGroup,http://data.europa.eu/esco/isco/C9,9,Hilfsarbeitskräfte,,
ISCOGroup,http://data.europa.eu/esco/isco/C91,91,Reinigungspersonal und Hilfskräfte,,
ISCOGroup,http://data.europa.eu/esco/isco/C911,911,"Reinigungspersonal und Hilfskräfte in Privathaushalten, Hotels und Büros",,
ISCOGroup,http://data.europa.eu/esco/isco/C9111,9111,Reinigungspersonal und Hilfskräfte in Privathaushalten,,
ISCOGroup,http://data.europa.eu/esco/isco/C9112,9112,"Reinigungspersonal und Hilfskräfte in Büros, Hotels und anderen Einrichtungen",,
ISCOGroup,http://data.europa.eu/esco/isco/C912,912,"Reinigungspersonal für Fahrzeuge, Fenster, Wäsche und sonstige manuelle Reinigungsberufe",,
ISCOGroup,http://data.europa.eu/esco/isco/C9121,9121,Handwäscher und Handbügler,,
ISCOGroup,http://data.europa.eu/esco/isco/C9122,9122,Fahrzeugreiniger,,
ISCOGroup,http://data.europa.eu/esco/isco/C9123,9123,Fensterputzer,,
ISCOGroup,http://data.europa.eu/esco/isco/C9129,9129,Sonstiges Reinigungspersonal,,
ISCOGroup,http://data.europa.eu/esco/isco/C92,92,Hilfsarbeiter in der Land- und Forstwirtschaft und Fischerei,,
ISCOGroup,http://data.europa.eu/esco/isco/C921,921,Hilfsarbeiter in der Land- und Forstwirtschaft und Fischerei,,
ISCOGroup,http://data.europa.eu/esco/isco/C9211,9211,Hilfsarbeiter im Ackerbau,,
ISCOGroup,http://data.europa.eu/esco/isco/C9212,9212,Hilfsarbeiter in der Tierhaltung,,
ISCOGroup,http://data.europa.eu/esco/isco/C9213,9213,Hilfsarbeiter in Ackerbau und Tierhaltung (ohne ausgeprägten Schwerpunkt),,
ISCOGroup,http://data.europa.eu/esco/isco/C9214,9214,Hilfsarbeiter im Gartenbau,,
ISCOGroup,http://data.europa.eu/esco/isco/C9215,9215,Hilfsarbeiter in der Forstwirtschaft,,
ISCOGroup,http://data.europa.eu/esco/isco/C9216,9216,Hilfsarbeiter in der Fischerei und Aquakultur,,
ISCOGroup,http://data.europa.eu/esco/isco/C93,93,"Hilfsarbeiter im Bergbau, im Bau, bei der Herstellung von Waren und im Transportwesen",,
ISCOGroup,http://data.europa.eu/esco/isco/C931,931,Hilfsarbeiter im Bergbau und im Bau,,
ISCOGroup,http://data.europa.eu/esco/isco/C9311,9311,Hilfsarbeiter im Bergbau und in der Gewinnung von Steinen und Erden,,
ISCOGroup,http://data.europa.eu/esco/isco/C9312,9312,Hilfsarbeiter im Tiefbau,,
ISCOGroup,http://data.europa.eu/esco/isco/C9313,9313,Hilfsarbeiter im Hochbau,,
ISCOGroup,http://data.europa.eu/esco/isco/C932,932,Hilfsarbeiter bei der Herstellung von Waren,,
ISCOGroup,http://data.europa.eu/esco/isco/C9321,9321,Verpacker,,
ISCOGroup,http://data.europa.eu/esco/isco/C9329,9329,"Hilfsarbeiter bei der Herstellung von Waren, anderweitig nicht genannt",,
ISCOGroup,http://data.europa.eu/esco/isco/C933,933,Hilfsarbeiter in Transport und Lagerei,,
ISCOGroup,http://data.europa.eu/esco/isco/C9331,9331,Führer von Handwagen und pedalbetriebenen Fahrzeugen,,
ISCOGroup,http://data.europa.eu/esco/isco/C9332,9332,Führer von Fahrzeugen und Maschinen mit Zugtierantrieb,,
ISCOGroup,http://data.europa.eu/esco/isco/C9333,9333,Frachtarbeiter und verwandte Berufe,,
ISCOGroup,http://data.europa.eu/esco/isco/C9334,9334,Regalbetreuer und -auffüller,,
ISCOGroup,http://data.europa.eu/esco/isco/C94,94,Hilfskräfte in der Nahrungsmittelzubereitung,,
ISCOGroup,http://data.europa.eu/esco/isco/C941,941,Hilfskräfte in der Nahrungsmittelzubereitung,,
ISCOGroup,http://data.europa.eu/esco/isco/C9411,9411,Zubereiter von Fast Food und anderen Imbissen,,
ISCOGroup,http://data.europa.eu/esco/isco/C9412,9412,Küchenhilfen,,
ISCOGroup,http://data.europa.eu/esco/isco/C95,95,Straßenhändler und auf der Straße arbeitende Dienstleistungskräfte,,
ISCOGroup,http://data.europa.eu/esco/isco/C951,951,Auf der Straße arbeitende Dienstleistungskräfte und verwandte Berufe,,
ISCOGroup,http://data.europa.eu/esco/isco/C9510,9510,Auf der Straße arbeitende Dienstleistungskräfte und verwandte Berufe,,
ISCOGroup,http://data.europa.eu/esco/isco/C952,952,Straßenverkäufer (ohne Lebensmittel),,
ISCOGroup,http://data.europa.eu/esco/isco/C9520,9520,Straßenverkäufer (ohne Lebensmittel),,
ISCOGroup,http://data.europa.eu/esco/isco/C96,96,Abfallentsorgungsarbeiter und sonstige Hilfsarbeitskräfte,,
ISCOGroup,http://data.europa.eu/esco/isco/C961,961,Abfallentsorgungsarbeiter,,
ISCOGroup,http://data.europa.eu/esco/isco/C9611,9611,Arbeiter in der Abfall- und Wertstoffsammlung,,
ISCOGroup,http://data.europa.eu/esco/isco/C9612,9612,Arbeiter in der Abfallsortierung,,
ISCOGroup,http://data.europa.eu/esco/isco/C9613,9613,Straßenkehrer und verwandte Berufe,,
ISCOGroup,http://data.europa.eu/esco/isco/C962,962,Sonstige Hilfsarbeitskräfte,,
ISCOGroup,http://data.europa.eu/esco/isco/C9621,9621,"Boten, Paketauslieferer und Gepäckträger",,
ISCOGroup,http://data.europa.eu/esco/isco/C9622,9622,Gelegenheitsarbeiter,,
ISCOGroup,http://data.europa.eu/esco/isco/C9623,9623,"Zählerableser, Automatenbefüller und -kassierer",,
ISCOGroup,http://data.europa.eu/esco/isco/C9624,9624,Wasserträger und Brennholzsammler,,
ISCOGroup,http://data.europa.eu/esco/isco/C9629,9629,"Hilfsarbeitskräfte, anderweitig nicht genannt",,
